{
  "valley_battery": 0.6000000000000001,
  "dense_source_powder": 9.000000000000002,
  "steel_part": 6.000000000000001,
  "qiaoyu_capsule": 0.55,
  "fine_buckwheat_powder": 5.5,
  "steel_bottle": 5.5,
  "steel_block": 17.0,
  "source_powder": 18.000000000000004,
  "sandleaf_powder": 31.5,
  "buckwheat_powder": 11.0,
  "dense_blue_iron_powder": 17.0,
  "blue_iron_powder": 34.0,
  "source_ore": 18.000000000000004,
  "buckwheat": 5.5,
  "sandleaf": 10.5,
  "blue_iron_block": 34.0,
  "blue_iron_ore": 34.0
}